{
  "FB": 0.1,

  "HL_max": 0.55,

  "HL_min": 0.2,

  "ID_max": 0.3019806,

  "ID_min": 0.29612011113035125,

  "N": 1,

  "ND": 12,

  "ND_max": 12,

  "ND_min": 1,

  "QPerRow": [
     "0.008 meter^3 second^-1",

     "0.016 meter^3 second^-1",

     "0.024 meter^3 second^-1",

     "0.032 meter^3 second^-1",

     "0.04 meter^3 second^-1",

     "0.048 meter^3 second^-1",

     "0.056 meter^3 second^-1",

     "0.064 meter^3 second^-1",

     "0.07200000000000001 meter^3 second^-1",

     "0.08000000000000002 meter^3 second^-1"
  ],

  "QSF_pi": 1.2,

  "Qm_max": 80,

  "SDR": 29.61672474,

  "Tm_min": 3,

  "V_max": 1.1616205815412273,

  "botRowH": 0.2,

  "clampingHanger": {
    "H": 0.2386575341,

    "L": 0.06985,

    "W": 0.3556,

    "pipeL_max": 15.741089262393407,

    "pipeToWallS": 0.237331
  },

  "coupling": {
    "OD": 0.358775,

    "axisL": 0.1571625,

    "socketID": 0.32385,

    "socketL": 0.1524
  },

  "done":    true,

  "drillD_max": 0.1,

  "elbow_90": {
    "OD": 0.36195,

    "axisL": 0.3444875,

    "socketID": 0.32385,

    "socketL": 0.1651
  },

  "ip":    "GENERIC",

  "metric":    false,

  "orificeA": 0.002026829916389991,

  "orificeD": 0.050800000000000005,

  "orificeD_max": 0.05670359553396943,

  "orificeHPerRow": [
     "0.025400000000000002 meter",

     "0.08086666666666668 meter",

     "0.13633333333333336 meter",

     "0.19180000000000005 meter",

     "0.24726666666666672 meter",

     "0.30273333333333335 meter",

     "0.3582000000000001 meter",

     "0.41366666666666674 meter",

     "0.4691333333333334 meter",

     "0.5246000000000001 meter"
  ],

  "orificeNPerRow": [
     8,

     3,

     2,

     3,

     1,

     2,

     1,

     2,

     1,

     1
  ],

  "orificePerRowN_max": 17,

  "orificeS": 0.003,

  "pipe": {
    "ID": 0.3019806,

    "OD": 0.32385,

    "T": 0.0109347
  },

  "qPerOrifice": [
     "0.0009450094149563796 meter^3 second^-1",

     "0.0016366850279819593 meter^3 second^-1",

     "0.002106267102473323 meter^3 second^-1",

     "0.0024880670122913954 meter^3 second^-1",

     "0.002818409022613934 meter^3 second^-1",

     "0.003113816219987249 meter^3 second^-1",

     "0.003383487498061425 meter^3 second^-1",

     "0.0036331738299764894 meter^3 second^-1",

     "0.0038667564206665657 meter^3 second^-1",

     "0.0040870016054917555 meter^3 second^-1"
  ],

  "rep":    false,

  "rowB": 0.05500000000000001,

  "rowN": 10,

  "rowN_max": 10,

  "rowN_min": 5,

  "staggerRows":    true,

  "tee": {
    "OD": 0.34925,

    "axisL": 0.32623125,

    "socketID": 0.32385,

    "socketL": 0.1524
  },

  "topRowOrificeA": 0.0025252889448613446
}
